{
  "gpt2": {
    "intrasentence": {
      "gender": {
        "Count": 765.0,
        "LM Score": 93.27790824312564,
        "SS Score": 62.66777425473077,
        "ICAT Score": 69.64543855157751
      },
      "profession": {
        "Count": 2430.0,
        "LM Score": 92.28935393467714,
        "SS Score": 63.97468647350802,
        "ICAT Score": 66.4950582130826
      },
      "race": {
        "Count": 2886.0,
        "LM Score": 89.7567072075023,
        "SS Score": 60.35000089116578,
        "ICAT Score": 71.1770672157872
      },
      "religion": {
        "Count": 237.0,
        "LM Score": 88.45977011494251,
        "SS Score": 58.02298850574713,
        "ICAT Score": 74.26553573787817
      },
      "overall": {
        "Count": 2106.0,
        "LM Score": 91.1149426618542,
        "SS Score": 61.931485244958985,
        "ICAT Score": 69.37221078255025
      }
    },
    "intersentence": {
      "gender": {
        "Count": 726.0,
        "LM Score": 36.61491789209181,
        "SS Score": 50.91457857762206,
        "ICAT Score": 35.945173501581856
      },
      "profession": {
        "Count": 2481.0,
        "LM Score": 42.038803914332284,
        "SS Score": 49.14030536883706,
        "ICAT Score": 41.31599323381902
      },
      "race": {
        "Count": 2928.0,
        "LM Score": 36.72372095665724,
        "SS Score": 48.14850060368228,
        "ICAT Score": 35.36384201302141
      },
      "religion": {
        "Count": 234.0,
        "LM Score": 41.75478927203065,
        "SS Score": 51.241379310344826,
        "ICAT Score": 40.71811864182851
      },
      "overall": {
        "Count": 2123.0,
        "LM Score": 38.919387577299226,
        "SS Score": 48.99272286715101,
        "ICAT Score": 38.13533539467721
      }
    },
    "overall": {
      "Count": 4229.0,
      "LM Score": 64.95799298293703,
      "SS Score": 55.41223622407595,
      "ICAT Score": 57.92663292962657
    }
  }
}